Channel_DNA,Count_FilterObjects,Count_IdentifyPrimaryObjects,ExecutionTime_01Images,ExecutionTime_02Metadata,ExecutionTime_03NamesAndTypes,ExecutionTime_04Groups,ExecutionTime_05RescaleIntensity,ExecutionTime_06CorrectIlluminationCalculate,ExecutionTime_07CorrectIlluminationApply,ExecutionTime_08IdentifyPrimaryObjects,ExecutionTime_09MeasureObjectSizeShape,ExecutionTime_10FilterObjects,ExecutionTime_11MeasureObjectIntensity,FileName_DNA,Frame_DNA,Group_Index,Group_Number,Height_DNA,ImageNumber,ImageSet_ImageSet,MD5Digest_DNA,Metadata_FileLocation,Metadata_Frame,Metadata_Plate,Metadata_Series,Metadata_Time,ModuleError_01Images,ModuleError_02Metadata,ModuleError_03NamesAndTypes,ModuleError_04Groups,ModuleError_05RescaleIntensity,ModuleError_06CorrectIlluminationCalculate,ModuleError_07CorrectIlluminationApply,ModuleError_08IdentifyPrimaryObjects,ModuleError_09MeasureObjectSizeShape,ModuleError_10FilterObjects,ModuleError_11MeasureObjectIntensity,PathName_DNA,ProcessingStatus,Scaling_DNA,Series_DNA,Threshold_FinalThreshold_IdentifyPrimaryObjects,Threshold_OrigThreshold_IdentifyPrimaryObjects,Threshold_SumOfEntropies_IdentifyPrimaryObjects,Threshold_WeightedVariance_IdentifyPrimaryObjects,URL_DNA,Width_DNA
-1,21.0,26.0,0,0,1.796875,0,0.03125,0.046875,0.0,0.171875,0.140625,0.03125,0.078125,T_000.tif,0,1,1,262,1,eLu+ErbPsxlNWfRNWXolmWngRARzNjA0QM7BTG0gRhQ8yYHDA8gAByWQBgawHQDP94hQ,1ca848ab09cfa3438a5578067247e43c,file:///Z:/Common/2_LABS%20AND%20CORE%20FACILITIES/Gopal/Cell_Profiler/3D/Swiming_Algae/T_000.tif,0,,0,000,0,0,0,0,0,0,0,0,0,0,0,Z:\Common\2_LABS AND CORE FACILITIES\Gopal\Cell_Profiler\3D\Swiming_Algae,Done,65535,0,0.117647070996,0.117647070996,-11.1429022675,0.53626626369,file:///Z:/Common/2_LABS%20AND%20CORE%20FACILITIES/Gopal/Cell_Profiler/3D/Swiming_Algae/T_000.tif,448
-1,20.0,24.0,0,0,2.0,0,0.0625,0.078125,0.0,0.203125,0.21875,0.046875,0.109375,T_001.tif,0,2,1,262,2,eLu+ErbPsxlNWXRNWYZ6JZlp4EQEczYwNEDOwUxtIEYUPMmBwwPIAAclkAYGsB0A0ESIUQ==,3197329992366412e9712dbfddfe71e5,file:///Z:/Common/2_LABS%20AND%20CORE%20FACILITIES/Gopal/Cell_Profiler/3D/Swiming_Algae/T_001.tif,0,,0,001,0,0,0,0,0,0,0,0,0,0,0,Z:\Common\2_LABS AND CORE FACILITIES\Gopal\Cell_Profiler\3D\Swiming_Algae,Done,65535,0,0.113725513089,0.113725513089,-11.2288826349,0.575810293171,file:///Z:/Common/2_LABS%20AND%20CORE%20FACILITIES/Gopal/Cell_Profiler/3D/Swiming_Algae/T_001.tif,448
-1,19.0,23.0,0,0,2.15625,0,0.046875,0.09375,0.0,0.1875,0.203125,0.046875,0.109375,T_002.tif,0,3,1,262,3,eLu+ErbPsxlNWXRNWUZ6JZlp4EQEczYwNEDOwUxtIEYUPMmBwwPIAAclkAYGsB0A0JGIUg==,28977bbc714d9a6c79551a92d8115eb0,file:///Z:/Common/2_LABS%20AND%20CORE%20FACILITIES/Gopal/Cell_Profiler/3D/Swiming_Algae/T_002.tif,0,,0,002,0,0,0,0,0,0,0,0,0,0,0,Z:\Common\2_LABS AND CORE FACILITIES\Gopal\Cell_Profiler\3D\Swiming_Algae,Done,65535,0,0.105882353527,0.105882353527,-11.3601488351,0.559351288758,file:///Z:/Common/2_LABS%20AND%20CORE%20FACILITIES/Gopal/Cell_Profiler/3D/Swiming_Algae/T_002.tif,448
-1,21.0,23.0,0,0,2.25,0,0.015625,0.0625,0.0,0.125,0.15625,0.046875,0.0625,T_003.tif,0,4,1,262,4,eLu+ErbPsxlNWXRNWcZ6JZlp4EQEczYwNEDOwUxtIEYUPMmBwwPIAAclkAYGsB0A0N6IUw==,a9bffa46990b0365348a7373eaf73021,file:///Z:/Common/2_LABS%20AND%20CORE%20FACILITIES/Gopal/Cell_Profiler/3D/Swiming_Algae/T_003.tif,0,,0,003,0,0,0,0,0,0,0,0,0,0,0,Z:\Common\2_LABS AND CORE FACILITIES\Gopal\Cell_Profiler\3D\Swiming_Algae,Done,65535,0,0.125490175653,0.125490175653,-10.9786136166,0.525688888491,file:///Z:/Common/2_LABS%20AND%20CORE%20FACILITIES/Gopal/Cell_Profiler/3D/Swiming_Algae/T_003.tif,448
-1,21.0,22.0,0,0,2.359375,0,0.015625,0.0625,0.0,0.1875,0.15625,0.0625,0.09375,T_004.tif,0,5,1,262,5,eLu+ErbPsxlNWXRNWSZ6JZlp4EQEczYwNEDOwUxtIEYUPMmBwwPIAAclkAYGsB0A0SuIVA==,196f3109a1fcfb51204a785083448f28,file:///Z:/Common/2_LABS%20AND%20CORE%20FACILITIES/Gopal/Cell_Profiler/3D/Swiming_Algae/T_004.tif,0,,0,004,0,0,0,0,0,0,0,0,0,0,0,Z:\Common\2_LABS AND CORE FACILITIES\Gopal\Cell_Profiler\3D\Swiming_Algae,Done,65535,0,0.117647065246,0.117647065246,-11.1499133894,0.544917995867,file:///Z:/Common/2_LABS%20AND%20CORE%20FACILITIES/Gopal/Cell_Profiler/3D/Swiming_Algae/T_004.tif,448
-1,21.0,21.0,0,0,2.046875,0,0.046875,0.078125,0.0,0.1875,0.1875,0.0625,0.09375,T_005.tif,0,6,1,262,6,eLu+ErbPsxlNWXRNWaZ6JZlp4EQEczYwNEDOwUxtIEYUPMmBwwPIAAclkAYGsB0A0XiIVQ==,99c44f5622b254d503a49d23ce4a3f3f,file:///Z:/Common/2_LABS%20AND%20CORE%20FACILITIES/Gopal/Cell_Profiler/3D/Swiming_Algae/T_005.tif,0,,0,005,0,0,0,0,0,0,0,0,0,0,0,Z:\Common\2_LABS AND CORE FACILITIES\Gopal\Cell_Profiler\3D\Swiming_Algae,Done,65535,0,0.109803938824,0.109803938824,-11.2897174615,0.541657514258,file:///Z:/Common/2_LABS%20AND%20CORE%20FACILITIES/Gopal/Cell_Profiler/3D/Swiming_Algae/T_005.tif,448
-1,23.0,23.0,0,0,2.21875,0,0.046875,0.078125,0.0,0.15625,0.203125,0.046875,0.109375,T_006.tif,0,7,1,262,7,eLu+ErbPsxlNWXRNWWZ6JZlp4EQEczYwNEDOwUxtIEYUPMmBwwPIAAclkAYGsB0A0cWIVg==,657f102b93776302c679dc659d5bc0e4,file:///Z:/Common/2_LABS%20AND%20CORE%20FACILITIES/Gopal/Cell_Profiler/3D/Swiming_Algae/T_006.tif,0,,0,006,0,0,0,0,0,0,0,0,0,0,0,Z:\Common\2_LABS AND CORE FACILITIES\Gopal\Cell_Profiler\3D\Swiming_Algae,Done,65535,0,0.113725491323,0.113725491323,-11.1337888116,0.519288440982,file:///Z:/Common/2_LABS%20AND%20CORE%20FACILITIES/Gopal/Cell_Profiler/3D/Swiming_Algae/T_006.tif,448
-1,19.0,20.0,0,0,2.484375,0,0.015625,0.078125,0.0,0.1875,0.140625,0.046875,0.0625,T_007.tif,0,8,1,262,8,eLu+ErbPsxlNWXRNWeZ6JZlp4EQEczYwNEDOwUxtIEYUPMmBwwPIAAclkAYGsB0A0hKIVw==,cf2683a779a19d62c30e3abbef183e19,file:///Z:/Common/2_LABS%20AND%20CORE%20FACILITIES/Gopal/Cell_Profiler/3D/Swiming_Algae/T_007.tif,0,,0,007,0,0,0,0,0,0,0,0,0,0,0,Z:\Common\2_LABS AND CORE FACILITIES\Gopal\Cell_Profiler\3D\Swiming_Algae,Done,65535,0,0.113725514162,0.113725514162,-11.0871591941,0.558294221806,file:///Z:/Common/2_LABS%20AND%20CORE%20FACILITIES/Gopal/Cell_Profiler/3D/Swiming_Algae/T_007.tif,448
-1,20.0,21.0,0,0,2.3125,0,0.03125,0.0625,0.0,0.171875,0.140625,0.03125,0.0625,T_008.tif,0,9,1,262,9,eLu+ErbPsxlNWXRNWRZ6JZlp4EQEczYwNEDOwUxtIEYUPMmBwwPIAAclkAYGsB0A0l+IWA==,f4b8ef1efcd0ee295cc1f3e7d270cd93,file:///Z:/Common/2_LABS%20AND%20CORE%20FACILITIES/Gopal/Cell_Profiler/3D/Swiming_Algae/T_008.tif,0,,0,008,0,0,0,0,0,0,0,0,0,0,0,Z:\Common\2_LABS AND CORE FACILITIES\Gopal\Cell_Profiler\3D\Swiming_Algae,Done,65535,0,0.113725488135,0.113725488135,-11.0434032951,0.535778158142,file:///Z:/Common/2_LABS%20AND%20CORE%20FACILITIES/Gopal/Cell_Profiler/3D/Swiming_Algae/T_008.tif,448
-1,20.0,24.0,0,0,2.0625,0,0.046875,0.078125,0.0,0.203125,0.1875,0.046875,0.0625,T_009.tif,0,10,1,262,10,eLu+ErbPsxlNWXRNWZZ6JZlp4EQEczYwNEDOwUxtIEYUPMmBwwPIAAclkAYGsB0A0qyIWQ==,6cb64858678ef06ab2bacac7ef3b8c40,file:///Z:/Common/2_LABS%20AND%20CORE%20FACILITIES/Gopal/Cell_Profiler/3D/Swiming_Algae/T_009.tif,0,,0,009,0,0,0,0,0,0,0,0,0,0,0,Z:\Common\2_LABS AND CORE FACILITIES\Gopal\Cell_Profiler\3D\Swiming_Algae,Done,65535,0,0.121568619652,0.121568619652,-11.1227864173,0.522319601237,file:///Z:/Common/2_LABS%20AND%20CORE%20FACILITIES/Gopal/Cell_Profiler/3D/Swiming_Algae/T_009.tif,448
-1,19.0,20.0,0,0,2.28125,0,0.015625,0.078125,0.0,0.203125,0.21875,0.0625,0.078125,T_010.tif,0,11,1,262,11,eLu+ErbPsxlNWfRMWYYGeiWZaeBEBHM2MDRAzsFMbSBGFDzJgcMDyAAHJZAGBrAdANBFiFE=,3af7032299996c5c25937ec968e86042,file:///Z:/Common/2_LABS%20AND%20CORE%20FACILITIES/Gopal/Cell_Profiler/3D/Swiming_Algae/T_010.tif,0,,0,010,0,0,0,0,0,0,0,0,0,0,0,Z:\Common\2_LABS AND CORE FACILITIES\Gopal\Cell_Profiler\3D\Swiming_Algae,Done,65535,0,0.117647048832,0.117647048832,-11.1446483108,0.533405167533,file:///Z:/Common/2_LABS%20AND%20CORE%20FACILITIES/Gopal/Cell_Profiler/3D/Swiming_Algae/T_010.tif,448
-1,16.0,16.0,0,0,2.046875,0,0.03125,0.078125,0.0,0.1875,0.203125,0.03125,0.078125,T_011.tif,0,12,1,262,12,eLu+ErbPsxlNWfRMWYaGeiWZaeBEBHM2MDRAzsFMbSBGFDzJgcMDyAAHJZAGBrAdANCSiFI=,42b8c4e44e3a39ad3ddd0335428119c5,file:///Z:/Common/2_LABS%20AND%20CORE%20FACILITIES/Gopal/Cell_Profiler/3D/Swiming_Algae/T_011.tif,0,,0,011,0,0,0,0,0,0,0,0,0,0,0,Z:\Common\2_LABS AND CORE FACILITIES\Gopal\Cell_Profiler\3D\Swiming_Algae,Done,65535,0,0.0980392087079,0.0980392087079,-11.292276861,0.556285984329,file:///Z:/Common/2_LABS%20AND%20CORE%20FACILITIES/Gopal/Cell_Profiler/3D/Swiming_Algae/T_011.tif,448
-1,17.0,17.0,0,0,2.234375,0,0.03125,0.0625,0.015625,0.1875,0.171875,0.0625,0.09375,T_012.tif,0,13,1,262,13,eLu+ErbPsxlNWfRMWYZGeiWZaeBEBHM2MDRAzsFMbSBGFDzJgcMDyAAHJZAGBrAdANDfiFM=,68f7e1fb690896f507a14405906f98a7,file:///Z:/Common/2_LABS%20AND%20CORE%20FACILITIES/Gopal/Cell_Profiler/3D/Swiming_Algae/T_012.tif,0,,0,012,0,0,0,0,0,0,0,0,0,0,0,Z:\Common\2_LABS AND CORE FACILITIES\Gopal\Cell_Profiler\3D\Swiming_Algae,Done,65535,0,0.117647051366,0.117647051366,-11.265697055,0.544176157625,file:///Z:/Common/2_LABS%20AND%20CORE%20FACILITIES/Gopal/Cell_Profiler/3D/Swiming_Algae/T_012.tif,448
-1,14.0,16.0,0,0,1.859375,0,0.046875,0.0625,0.0,0.203125,0.21875,0.046875,0.109375,T_013.tif,0,14,1,262,14,eLu+ErbPsxlNWfRMWYbGeiWZaeBEBHM2MDRAzsFMbSBGFDzJgcMDyAAHJZAGBrAdANEsiFQ=,f55675ae4d138f398f12e7c53756b7a5,file:///Z:/Common/2_LABS%20AND%20CORE%20FACILITIES/Gopal/Cell_Profiler/3D/Swiming_Algae/T_013.tif,0,,0,013,0,0,0,0,0,0,0,0,0,0,0,Z:\Common\2_LABS AND CORE FACILITIES\Gopal\Cell_Profiler\3D\Swiming_Algae,Done,65535,0,0.113725515153,0.113725515153,-11.3152541208,0.548036313775,file:///Z:/Common/2_LABS%20AND%20CORE%20FACILITIES/Gopal/Cell_Profiler/3D/Swiming_Algae/T_013.tif,448
-1,19.0,21.0,0,0,2.21875,0,0.03125,0.078125,0.0,0.1875,0.15625,0.03125,0.078125,T_014.tif,0,15,1,262,15,eLu+ErbPsxlNWfRMWYYmeiWZaeBEBHM2MDRAzsFMbSBGFDzJgcMDyAAHJZAGBrAdANF5iFU=,1c9ff1d2c65de6333c64b5607d4f7a30,file:///Z:/Common/2_LABS%20AND%20CORE%20FACILITIES/Gopal/Cell_Profiler/3D/Swiming_Algae/T_014.tif,0,,0,014,0,0,0,0,0,0,0,0,0,0,0,Z:\Common\2_LABS AND CORE FACILITIES\Gopal\Cell_Profiler\3D\Swiming_Algae,Done,65535,0,0.113725512979,0.113725512979,-10.9906106117,0.550071771979,file:///Z:/Common/2_LABS%20AND%20CORE%20FACILITIES/Gopal/Cell_Profiler/3D/Swiming_Algae/T_014.tif,448
-1,19.0,20.0,0,0,2.34375,0,0.03125,0.046875,0.0,0.140625,0.140625,0.03125,0.078125,T_015.tif,0,16,1,262,16,eLu+ErbPsxlNWfRMWYameiWZaeBEBHM2MDRAzsFMbSBGFDzJgcMDyAAHJZAGBrAdANHGiFY=,1c574daea543ffb88dc44592166e9210,file:///Z:/Common/2_LABS%20AND%20CORE%20FACILITIES/Gopal/Cell_Profiler/3D/Swiming_Algae/T_015.tif,0,,0,015,0,0,0,0,0,0,0,0,0,0,0,Z:\Common\2_LABS AND CORE FACILITIES\Gopal\Cell_Profiler\3D\Swiming_Algae,Done,65535,0,0.11372550384,0.11372550384,-11.3297485297,0.519435690083,file:///Z:/Common/2_LABS%20AND%20CORE%20FACILITIES/Gopal/Cell_Profiler/3D/Swiming_Algae/T_015.tif,448
-1,16.0,19.0,0,0,2.265625,0,0.015625,0.0625,0.0,0.171875,0.15625,0.0625,0.09375,T_016.tif,0,17,1,262,17,eLu+ErbPsxlNWfRMWYZmeiWZaeBEBHM2MDRAzsFMbSBGFDzJgcMDyAAHJZAGBrAdANITiFc=,157293c0a6040b20ea55c69cf3d6d9fc,file:///Z:/Common/2_LABS%20AND%20CORE%20FACILITIES/Gopal/Cell_Profiler/3D/Swiming_Algae/T_016.tif,0,,0,016,0,0,0,0,0,0,0,0,0,0,0,Z:\Common\2_LABS AND CORE FACILITIES\Gopal\Cell_Profiler\3D\Swiming_Algae,Done,65535,0,0.113725507489,0.113725507489,-11.2195852952,0.566440613403,file:///Z:/Common/2_LABS%20AND%20CORE%20FACILITIES/Gopal/Cell_Profiler/3D/Swiming_Algae/T_016.tif,448
-1,16.0,17.0,0,0,2.0625,0,0.046875,0.078125,0.0,0.203125,0.203125,0.0625,0.09375,T_017.tif,0,18,1,262,18,eLu+ErbPsxlNWfRMWYbmeiWZaeBEBHM2MDRAzsFMbSBGFDzJgcMDyAAHJZAGBrAdANJgiFg=,fb16f2a46d5cae776717d83b1c528a5c,file:///Z:/Common/2_LABS%20AND%20CORE%20FACILITIES/Gopal/Cell_Profiler/3D/Swiming_Algae/T_017.tif,0,,0,017,0,0,0,0,0,0,0,0,0,0,0,Z:\Common\2_LABS AND CORE FACILITIES\Gopal\Cell_Profiler\3D\Swiming_Algae,Done,65535,0,0.109803931407,0.109803931407,-11.2686579397,0.568435898879,file:///Z:/Common/2_LABS%20AND%20CORE%20FACILITIES/Gopal/Cell_Profiler/3D/Swiming_Algae/T_017.tif,448
-1,17.0,25.0,0,0,2.03125,0,0.03125,0.078125,0.0,0.203125,0.21875,0.046875,0.109375,T_018.tif,0,19,1,262,19,eLu+ErbPsxlNWfRMWYYWeiWZaeBEBHM2MDRAzsFMbSBGFDzJgcMDyAAHJZAGBrAdANKtiFk=,b369530018938e392ae413bfb9b5db23,file:///Z:/Common/2_LABS%20AND%20CORE%20FACILITIES/Gopal/Cell_Profiler/3D/Swiming_Algae/T_018.tif,0,,0,018,0,0,0,0,0,0,0,0,0,0,0,Z:\Common\2_LABS AND CORE FACILITIES\Gopal\Cell_Profiler\3D\Swiming_Algae,Done,65535,0,0.125490203842,0.125490203842,-10.7263465145,0.501760214061,file:///Z:/Common/2_LABS%20AND%20CORE%20FACILITIES/Gopal/Cell_Profiler/3D/Swiming_Algae/T_018.tif,448
-1,15.0,17.0,0,0,2.5,0,0.046875,0.09375,0.0,0.203125,0.15625,0.046875,0.125,T_019.tif,0,20,1,262,20,eLu+ErbPsxlNWfRMWYaWeiWZaeBEBHM2MDRAzsFMbSBGFDzJgcMDyAAHJZAGBrAdANL6iFo=,15c1dbfbf5697adc28d615d714b2e100,file:///Z:/Common/2_LABS%20AND%20CORE%20FACILITIES/Gopal/Cell_Profiler/3D/Swiming_Algae/T_019.tif,0,,0,019,0,0,0,0,0,0,0,0,0,0,0,Z:\Common\2_LABS AND CORE FACILITIES\Gopal\Cell_Profiler\3D\Swiming_Algae,Done,65535,0,0.109803911033,0.109803911033,-11.2266550664,0.551559645093,file:///Z:/Common/2_LABS%20AND%20CORE%20FACILITIES/Gopal/Cell_Profiler/3D/Swiming_Algae/T_019.tif,448
-1,13.0,14.0,0,0,2.0,0,0.03125,0.0625,0.0,0.203125,0.203125,0.0625,0.109375,T_020.tif,0,21,1,262,21,eLu+ErbPsxlNWfRMWUYGeiWZaeBEBHM2MDRAzsFMbSBGFDzJgcMDyAAHJZAGBrAdANCTiFI=,1051b98d3fd69a10d917e951930b6ddd,file:///Z:/Common/2_LABS%20AND%20CORE%20FACILITIES/Gopal/Cell_Profiler/3D/Swiming_Algae/T_020.tif,0,,0,020,0,0,0,0,0,0,0,0,0,0,0,Z:\Common\2_LABS AND CORE FACILITIES\Gopal\Cell_Profiler\3D\Swiming_Algae,Done,65535,0,0.109803928307,0.109803928307,-11.2232378472,0.52794786561,file:///Z:/Common/2_LABS%20AND%20CORE%20FACILITIES/Gopal/Cell_Profiler/3D/Swiming_Algae/T_020.tif,448
-1,14.0,16.0,0,0,2.25,0,0.046875,0.09375,0.0,0.21875,0.21875,0.0625,0.09375,T_021.tif,0,22,1,262,22,eLu+ErbPsxlNWfRMWUaGeiWZaeBEBHM2MDRAzsFMbSBGFDzJgcMDyAAHJZAGBrAdANDgiFM=,cdf973026c9add4c72c904dacb6592ec,file:///Z:/Common/2_LABS%20AND%20CORE%20FACILITIES/Gopal/Cell_Profiler/3D/Swiming_Algae/T_021.tif,0,,0,021,0,0,0,0,0,0,0,0,0,0,0,Z:\Common\2_LABS AND CORE FACILITIES\Gopal\Cell_Profiler\3D\Swiming_Algae,Done,65535,0,0.121490193325,0.121490193325,-11.1240195037,0.505267761291,file:///Z:/Common/2_LABS%20AND%20CORE%20FACILITIES/Gopal/Cell_Profiler/3D/Swiming_Algae/T_021.tif,448
-1,14.0,15.0,0,0,1.984375,0,0.03125,0.0625,0.0,0.203125,0.203125,0.046875,0.109375,T_022.tif,0,23,1,262,23,eLu+ErbPsxlNWfRMWUZGeiWZaeBEBHM2MDRAzsFMbSBGFDzJgcMDyAAHJZAGBrAdANEtiFQ=,c90dea8031d870f1fd741ae377be8e13,file:///Z:/Common/2_LABS%20AND%20CORE%20FACILITIES/Gopal/Cell_Profiler/3D/Swiming_Algae/T_022.tif,0,,0,022,0,0,0,0,0,0,0,0,0,0,0,Z:\Common\2_LABS AND CORE FACILITIES\Gopal\Cell_Profiler\3D\Swiming_Algae,Done,65535,0,0.10980391908,0.10980391908,-11.1861393184,0.55204210979,file:///Z:/Common/2_LABS%20AND%20CORE%20FACILITIES/Gopal/Cell_Profiler/3D/Swiming_Algae/T_022.tif,448
-1,15.0,16.0,0,0,2.1875,0,0.046875,0.09375,0.0,0.203125,0.21875,0.0625,0.109375,T_023.tif,0,24,1,262,24,eLu+ErbPsxlNWfRMWUbGeiWZaeBEBHM2MDRAzsFMbSBGFDzJgcMDyAAHJZAGBrAdANF6iFU=,996a811c64d9b9e52639163427102b54,file:///Z:/Common/2_LABS%20AND%20CORE%20FACILITIES/Gopal/Cell_Profiler/3D/Swiming_Algae/T_023.tif,0,,0,023,0,0,0,0,0,0,0,0,0,0,0,Z:\Common\2_LABS AND CORE FACILITIES\Gopal\Cell_Profiler\3D\Swiming_Algae,Done,65535,0,0.105882364331,0.105882364331,-11.2961569542,0.568154920125,file:///Z:/Common/2_LABS%20AND%20CORE%20FACILITIES/Gopal/Cell_Profiler/3D/Swiming_Algae/T_023.tif,448
-1,17.0,20.0,0,0,2.25,0,0.046875,0.078125,0.0,0.203125,0.21875,0.0625,0.09375,T_024.tif,0,25,1,262,25,eLu+ErbPsxlNWfRMWUYmeiWZaeBEBHM2MDRAzsFMbSBGFDzJgcMDyAAHJZAGBrAdANHHiFY=,be8d36880935bab0e395737fc052aa9a,file:///Z:/Common/2_LABS%20AND%20CORE%20FACILITIES/Gopal/Cell_Profiler/3D/Swiming_Algae/T_024.tif,0,,0,024,0,0,0,0,0,0,0,0,0,0,0,Z:\Common\2_LABS AND CORE FACILITIES\Gopal\Cell_Profiler\3D\Swiming_Algae,Done,65535,0,0.117647066215,0.117647066215,-11.1325972331,0.525805669002,file:///Z:/Common/2_LABS%20AND%20CORE%20FACILITIES/Gopal/Cell_Profiler/3D/Swiming_Algae/T_024.tif,448
-1,16.0,18.0,0,0,1.9375,0,0.046875,0.078125,0.0,0.21875,0.21875,0.046875,0.109375,T_025.tif,0,26,1,262,26,eLu+ErbPsxlNWfRMWUameiWZaeBEBHM2MDRAzsFMbSBGFDzJgcMDyAAHJZAGBrAdANIUiFc=,291dd60b8be68875146d76c77553cfe7,file:///Z:/Common/2_LABS%20AND%20CORE%20FACILITIES/Gopal/Cell_Profiler/3D/Swiming_Algae/T_025.tif,0,,0,025,0,0,0,0,0,0,0,0,0,0,0,Z:\Common\2_LABS AND CORE FACILITIES\Gopal\Cell_Profiler\3D\Swiming_Algae,Done,65535,0,0.109803912193,0.109803912193,-11.1441333415,0.534635230386,file:///Z:/Common/2_LABS%20AND%20CORE%20FACILITIES/Gopal/Cell_Profiler/3D/Swiming_Algae/T_025.tif,448
-1,19.0,22.0,0,0,2.296875,0,0.046875,0.078125,0.0,0.171875,0.1875,0.03125,0.078125,T_026.tif,0,27,1,262,27,eLu+ErbPsxlNWfRMWUZmeiWZaeBEBHM2MDRAzsFMbSBGFDzJgcMDyAAHJZAGBrAdANJhiFg=,75ce81c6f240d2d2fc2015b9d8f06a3e,file:///Z:/Common/2_LABS%20AND%20CORE%20FACILITIES/Gopal/Cell_Profiler/3D/Swiming_Algae/T_026.tif,0,,0,026,0,0,0,0,0,0,0,0,0,0,0,Z:\Common\2_LABS AND CORE FACILITIES\Gopal\Cell_Profiler\3D\Swiming_Algae,Done,65535,0,0.109803928307,0.109803928307,-11.2279753573,0.53058776235,file:///Z:/Common/2_LABS%20AND%20CORE%20FACILITIES/Gopal/Cell_Profiler/3D/Swiming_Algae/T_026.tif,448
-1,18.0,19.0,0,0,2.1875,0,0.015625,0.078125,0.0,0.203125,0.21875,0.0625,0.09375,T_027.tif,0,28,1,262,28,eLu+ErbPsxlNWfRMWUbmeiWZaeBEBHM2MDRAzsFMbSBGFDzJgcMDyAAHJZAGBrAdANKuiFk=,3e64ecac189e5bd6b029334896e5d06f,file:///Z:/Common/2_LABS%20AND%20CORE%20FACILITIES/Gopal/Cell_Profiler/3D/Swiming_Algae/T_027.tif,0,,0,027,0,0,0,0,0,0,0,0,0,0,0,Z:\Common\2_LABS AND CORE FACILITIES\Gopal\Cell_Profiler\3D\Swiming_Algae,Done,65535,0,0.115351523516,0.115351523516,-11.3032671039,0.548469063273,file:///Z:/Common/2_LABS%20AND%20CORE%20FACILITIES/Gopal/Cell_Profiler/3D/Swiming_Algae/T_027.tif,448
-1,18.0,19.0,0,0,2.140625,0,0.046875,0.078125,0.0,0.140625,0.1875,0.046875,0.0625,T_028.tif,0,29,1,262,29,eLu+ErbPsxlNWfRMWUYWeiWZaeBEBHM2MDRAzsFMbSBGFDzJgcMDyAAHJZAGBrAdANL7iFo=,465e351221f644b77c78f8616cc1d604,file:///Z:/Common/2_LABS%20AND%20CORE%20FACILITIES/Gopal/Cell_Profiler/3D/Swiming_Algae/T_028.tif,0,,0,028,0,0,0,0,0,0,0,0,0,0,0,Z:\Common\2_LABS AND CORE FACILITIES\Gopal\Cell_Profiler\3D\Swiming_Algae,Done,65535,0,0.105882355518,0.105882355518,-11.2815593019,0.532142583293,file:///Z:/Common/2_LABS%20AND%20CORE%20FACILITIES/Gopal/Cell_Profiler/3D/Swiming_Algae/T_028.tif,448
-1,16.0,16.0,0,0,2.109375,0,0.015625,0.046875,0.0,0.140625,0.1875,0.0625,0.0625,T_029.tif,0,30,1,262,30,eLu+ErbPsxlNWfRMWUaWeiWZaeBEBHM2MDRAzsFMbSBGFDzJgcMDyAAHJZAGBrAdANNIiFs=,f426d3be7e294f0ef6e2232a41b783ce,file:///Z:/Common/2_LABS%20AND%20CORE%20FACILITIES/Gopal/Cell_Profiler/3D/Swiming_Algae/T_029.tif,0,,0,029,0,0,0,0,0,0,0,0,0,0,0,Z:\Common\2_LABS AND CORE FACILITIES\Gopal\Cell_Profiler\3D\Swiming_Algae,Done,65535,0,0.105648924239,0.105648924239,-11.4486408655,0.556810821136,file:///Z:/Common/2_LABS%20AND%20CORE%20FACILITIES/Gopal/Cell_Profiler/3D/Swiming_Algae/T_029.tif,448
-1,14.0,16.0,0,0,2.421875,0,0.046875,0.078125,0.0,0.21875,0.1875,0.03125,0.0625,T_030.tif,0,31,1,262,31,eLu+ErbPsxlNWfRMWcYGeiWZaeBEBHM2MDRAzsFMbSBGFDzJgcMDyAAHJZAGBrAdANDhiFM=,f4bc23f96919cb61e1315b597c00414d,file:///Z:/Common/2_LABS%20AND%20CORE%20FACILITIES/Gopal/Cell_Profiler/3D/Swiming_Algae/T_030.tif,0,,0,030,0,0,0,0,0,0,0,0,0,0,0,Z:\Common\2_LABS AND CORE FACILITIES\Gopal\Cell_Profiler\3D\Swiming_Algae,Done,65535,0,0.109803934648,0.109803934648,-11.2135640549,0.506955840783,file:///Z:/Common/2_LABS%20AND%20CORE%20FACILITIES/Gopal/Cell_Profiler/3D/Swiming_Algae/T_030.tif,448
-1,13.0,14.0,0,0,2.15625,0,0.046875,0.078125,0.0,0.21875,0.203125,0.0625,0.109375,T_031.tif,0,32,1,262,32,eLu+ErbPsxlNWfRMWcaGeiWZaeBEBHM2MDRAzsFMbSBGFDzJgcMDyAAHJZAGBrAdANEuiFQ=,a9f93ae5049bf75b2eca446f5365b2c4,file:///Z:/Common/2_LABS%20AND%20CORE%20FACILITIES/Gopal/Cell_Profiler/3D/Swiming_Algae/T_031.tif,0,,0,031,0,0,0,0,0,0,0,0,0,0,0,Z:\Common\2_LABS AND CORE FACILITIES\Gopal\Cell_Profiler\3D\Swiming_Algae,Done,65535,0,0.111880955746,0.111880955746,-11.2653068758,0.541269693456,file:///Z:/Common/2_LABS%20AND%20CORE%20FACILITIES/Gopal/Cell_Profiler/3D/Swiming_Algae/T_031.tif,448
-1,12.0,13.0,0,0,0.734375,0,0.0625,0.21875,0.0,0.46875,0.40625,0.125,0.21875,T_032.tif,0,33,1,262,33,eLu+ErbPsxlNWfRMWcZGeiWZaeBEBHM2MDRAzsFMbSBGFDzJgcMDyAAHJZAGBrAdANF7iFU=,9d1a2ae396b7459e484cb0123b8058d8,file:///Z:/Common/2_LABS%20AND%20CORE%20FACILITIES/Gopal/Cell_Profiler/3D/Swiming_Algae/T_032.tif,0,,0,032,0,0,0,0,0,0,0,0,0,0,0,Z:\Common\2_LABS AND CORE FACILITIES\Gopal\Cell_Profiler\3D\Swiming_Algae,Done,65535,0,0.105882362734,0.105882362734,-11.2981569892,0.565471498041,file:///Z:/Common/2_LABS%20AND%20CORE%20FACILITIES/Gopal/Cell_Profiler/3D/Swiming_Algae/T_032.tif,448
-1,12.0,16.0,0,0,0.75,0,0.09375,0.1875,0.0,0.453125,0.46875,0.09375,0.1875,T_033.tif,0,34,1,262,34,eLu+ErbPsxlNWfRMWcbGeiWZaeBEBHM2MDRAzsFMbSBGFDzJgcMDyAAHJZAGBrAdANHIiFY=,ad7f2776bbf0d0295164bbd127ef11e5,file:///Z:/Common/2_LABS%20AND%20CORE%20FACILITIES/Gopal/Cell_Profiler/3D/Swiming_Algae/T_033.tif,0,,0,033,0,0,0,0,0,0,0,0,0,0,0,Z:\Common\2_LABS AND CORE FACILITIES\Gopal\Cell_Profiler\3D\Swiming_Algae,Done,65535,0,0.132020874408,0.132020874408,-10.91981656,0.53002337744,file:///Z:/Common/2_LABS%20AND%20CORE%20FACILITIES/Gopal/Cell_Profiler/3D/Swiming_Algae/T_033.tif,448
-1,12.0,14.0,0,0,1.78125,0,0.03125,0.09375,0.0,0.21875,0.21875,0.0625,0.125,T_034.tif,0,35,1,262,35,eLu+ErbPsxlNWfRMWcYmeiWZaeBEBHM2MDRAzsFMbSBGFDzJgcMDyAAHJZAGBrAdANIViFc=,3fc74016a32de076f3f0549aed558580,file:///Z:/Common/2_LABS%20AND%20CORE%20FACILITIES/Gopal/Cell_Profiler/3D/Swiming_Algae/T_034.tif,0,,0,034,0,0,0,0,0,0,0,0,0,0,0,Z:\Common\2_LABS AND CORE FACILITIES\Gopal\Cell_Profiler\3D\Swiming_Algae,Done,65535,0,0.109803932141,0.109803932141,-11.2021052552,0.552720491607,file:///Z:/Common/2_LABS%20AND%20CORE%20FACILITIES/Gopal/Cell_Profiler/3D/Swiming_Algae/T_034.tif,448
-1,14.0,15.0,0,0,1.140625,0,0.0625,0.125,0.0,0.375,0.375,0.0625,0.15625,T_035.tif,0,36,1,262,36,eLu+ErbPsxlNWfRMWcameiWZaeBEBHM2MDRAzsFMbSBGFDzJgcMDyAAHJZAGBrAdANJiiFg=,420eca16d151d99f128a827866997b4e,file:///Z:/Common/2_LABS%20AND%20CORE%20FACILITIES/Gopal/Cell_Profiler/3D/Swiming_Algae/T_035.tif,0,,0,035,0,0,0,0,0,0,0,0,0,0,0,Z:\Common\2_LABS AND CORE FACILITIES\Gopal\Cell_Profiler\3D\Swiming_Algae,Done,65535,0,0.0980392181351,0.0980392181351,-11.551157231,0.554568031661,file:///Z:/Common/2_LABS%20AND%20CORE%20FACILITIES/Gopal/Cell_Profiler/3D/Swiming_Algae/T_035.tif,448
-1,15.0,16.0,0,0,0.921875,0,0.09375,0.125,0.0,0.375,0.3125,0.0625,0.15625,T_036.tif,0,37,1,262,37,eLu+ErbPsxlNWfRMWcZmeiWZaeBEBHM2MDRAzsFMbSBGFDzJgcMDyAAHJZAGBrAdANKviFk=,2aca18e040d5eeee191d6b1a08f87cdf,file:///Z:/Common/2_LABS%20AND%20CORE%20FACILITIES/Gopal/Cell_Profiler/3D/Swiming_Algae/T_036.tif,0,,0,036,0,0,0,0,0,0,0,0,0,0,0,Z:\Common\2_LABS AND CORE FACILITIES\Gopal\Cell_Profiler\3D\Swiming_Algae,Done,65535,0,0.121568625074,0.121568625074,-11.1324246033,0.519587302691,file:///Z:/Common/2_LABS%20AND%20CORE%20FACILITIES/Gopal/Cell_Profiler/3D/Swiming_Algae/T_036.tif,448
-1,14.0,14.0,0,0,1.453125,0,0.09375,0.125,0.0,0.375,0.375,0.09375,0.1875,T_037.tif,0,38,1,262,38,eLu+ErbPsxlNWfRMWcbmeiWZaeBEBHM2MDRAzsFMbSBGFDzJgcMDyAAHJZAGBrAdANL8iFo=,668b721a97cd26fafdb62cb3338558b8,file:///Z:/Common/2_LABS%20AND%20CORE%20FACILITIES/Gopal/Cell_Profiler/3D/Swiming_Algae/T_037.tif,0,,0,037,0,0,0,0,0,0,0,0,0,0,0,Z:\Common\2_LABS AND CORE FACILITIES\Gopal\Cell_Profiler\3D\Swiming_Algae,Done,65535,0,0.105882342912,0.105882342912,-11.1229353303,0.534666036127,file:///Z:/Common/2_LABS%20AND%20CORE%20FACILITIES/Gopal/Cell_Profiler/3D/Swiming_Algae/T_037.tif,448
-1,17.0,18.0,0,0,1.03125,0,0.09375,0.15625,0.0,0.4375,0.375,0.09375,0.125,T_038.tif,0,39,1,262,39,eLu+ErbPsxlNWfRMWcYWeiWZaeBEBHM2MDRAzsFMbSBGFDzJgcMDyAAHJZAGBrAdANNJiFs=,b7b6bf3e15bbd8d3a11958fcc6ad3d27,file:///Z:/Common/2_LABS%20AND%20CORE%20FACILITIES/Gopal/Cell_Profiler/3D/Swiming_Algae/T_038.tif,0,,0,038,0,0,0,0,0,0,0,0,0,0,0,Z:\Common\2_LABS AND CORE FACILITIES\Gopal\Cell_Profiler\3D\Swiming_Algae,Done,65535,0,0.10980391448,0.10980391448,-11.1352060053,0.548895017564,file:///Z:/Common/2_LABS%20AND%20CORE%20FACILITIES/Gopal/Cell_Profiler/3D/Swiming_Algae/T_038.tif,448
-1,16.0,17.0,0,0,1.09375,0,0.109375,0.15625,0.0,0.40625,0.375,0.125,0.1875,T_039.tif,0,40,1,262,40,eLu+ErbPsxlNWfRMWcaWeiWZaeBEBHM2MDRAzsFMbSBGFDzJgcMDyAAHJZAGBrAdANOWiFw=,24df4484ddb29811265924c1cd9aa7ef,file:///Z:/Common/2_LABS%20AND%20CORE%20FACILITIES/Gopal/Cell_Profiler/3D/Swiming_Algae/T_039.tif,0,,0,039,0,0,0,0,0,0,0,0,0,0,0,Z:\Common\2_LABS AND CORE FACILITIES\Gopal\Cell_Profiler\3D\Swiming_Algae,Done,65535,0,0.113725512979,0.113725512979,-11.2685338387,0.51069971384,file:///Z:/Common/2_LABS%20AND%20CORE%20FACILITIES/Gopal/Cell_Profiler/3D/Swiming_Algae/T_039.tif,448
-1,17.0,17.0,0,0,0.859375,0,0.03125,0.15625,0.0,0.4375,0.4375,0.0625,0.1875,T_040.tif,0,41,1,262,41,eLu+ErbPsxlNWfRMWSYGeiWZaeBEBHM2MDRAzsFMbSBGFDzJgcMDyAAHJZAGBrAdANEviFQ=,c82efd8937c639fe2bab9555af30468b,file:///Z:/Common/2_LABS%20AND%20CORE%20FACILITIES/Gopal/Cell_Profiler/3D/Swiming_Algae/T_040.tif,0,,0,040,0,0,0,0,0,0,0,0,0,0,0,Z:\Common\2_LABS AND CORE FACILITIES\Gopal\Cell_Profiler\3D\Swiming_Algae,Done,65535,0,0.113725488265,0.113725488265,-11.1754531699,0.53572389456,file:///Z:/Common/2_LABS%20AND%20CORE%20FACILITIES/Gopal/Cell_Profiler/3D/Swiming_Algae/T_040.tif,448
-1,17.0,18.0,0,0,0.640625,0,0.09375,0.15625,0.0,0.40625,0.3125,0.09375,0.15625,T_041.tif,0,42,1,262,42,eLu+ErbPsxlNWfRMWSaGeiWZaeBEBHM2MDRAzsFMbSBGFDzJgcMDyAAHJZAGBrAdANF8iFU=,97c6310a9ff595a283600a0d833640f9,file:///Z:/Common/2_LABS%20AND%20CORE%20FACILITIES/Gopal/Cell_Profiler/3D/Swiming_Algae/T_041.tif,0,,0,041,0,0,0,0,0,0,0,0,0,0,0,Z:\Common\2_LABS AND CORE FACILITIES\Gopal\Cell_Profiler\3D\Swiming_Algae,Done,65535,0,0.11372551217,0.11372551217,-11.2500736448,0.533154445483,file:///Z:/Common/2_LABS%20AND%20CORE%20FACILITIES/Gopal/Cell_Profiler/3D/Swiming_Algae/T_041.tif,448
-1,19.0,19.0,0,0,1.15625,0,0.09375,0.1875,0.0,0.375,0.40625,0.09375,0.1875,T_042.tif,0,43,1,262,43,eLu+ErbPsxlNWfRMWSZGeiWZaeBEBHM2MDRAzsFMbSBGFDzJgcMDyAAHJZAGBrAdANHJiFY=,bc2b5e4812f0aa947aef3ad98c835094,file:///Z:/Common/2_LABS%20AND%20CORE%20FACILITIES/Gopal/Cell_Profiler/3D/Swiming_Algae/T_042.tif,0,,0,042,0,0,0,0,0,0,0,0,0,0,0,Z:\Common\2_LABS AND CORE FACILITIES\Gopal\Cell_Profiler\3D\Swiming_Algae,Done,65535,0,0.113725487288,0.113725487288,-11.268991216,0.526437658103,file:///Z:/Common/2_LABS%20AND%20CORE%20FACILITIES/Gopal/Cell_Profiler/3D/Swiming_Algae/T_042.tif,448
-1,18.0,19.0,0,0,0.984375,0,0.03125,0.1875,0.03125,0.40625,0.34375,0.125,0.15625,T_043.tif,0,44,1,262,44,eLu+ErbPsxlNWfRMWSbGeiWZaeBEBHM2MDRAzsFMbSBGFDzJgcMDyAAHJZAGBrAdANIWiFc=,d75610be86ddfbf80673416bbb956f23,file:///Z:/Common/2_LABS%20AND%20CORE%20FACILITIES/Gopal/Cell_Profiler/3D/Swiming_Algae/T_043.tif,0,,0,043,0,0,0,0,0,0,0,0,0,0,0,Z:\Common\2_LABS AND CORE FACILITIES\Gopal\Cell_Profiler\3D\Swiming_Algae,Done,65535,0,0.109803919265,0.109803919265,-11.2670883082,0.536440684105,file:///Z:/Common/2_LABS%20AND%20CORE%20FACILITIES/Gopal/Cell_Profiler/3D/Swiming_Algae/T_043.tif,448
-1,19.0,19.0,0,0,0.765625,0,0.0625,0.125,0.0,0.4375,0.4375,0.0625,0.1875,T_044.tif,0,45,1,262,45,eLu+ErbPsxlNWfRMWSYmeiWZaeBEBHM2MDRAzsFMbSBGFDzJgcMDyAAHJZAGBrAdANJjiFg=,3d9bdafc80f0b31c9b35d7b454012887,file:///Z:/Common/2_LABS%20AND%20CORE%20FACILITIES/Gopal/Cell_Profiler/3D/Swiming_Algae/T_044.tif,0,,0,044,0,0,0,0,0,0,0,0,0,0,0,Z:\Common\2_LABS AND CORE FACILITIES\Gopal\Cell_Profiler\3D\Swiming_Algae,Done,65535,0,0.109803938824,0.109803938824,-11.2594610602,0.550147172137,file:///Z:/Common/2_LABS%20AND%20CORE%20FACILITIES/Gopal/Cell_Profiler/3D/Swiming_Algae/T_044.tif,448
